{"w": {"w": 0.3724619330664133, "l": 0.37135269916539176, "d": 0.256185367768195}, "ww": {"w": 0.33627015495714985, "l": 0.36995708225347596, "d": 0.29377276278937414}, "wl": {"w": 0.31220964418945935, "l": 0.3804423320201051, "d": 0.30734802379043563}, "wd": {"w": 0.2939586988938563, "l": 0.32936006158890313, "d": 0.37668123951724064}, "l": {"w": 0.23776727078371182, "l": 0.3677131565454003, "d": 0.39451957267088783}, "lw": {"w": 0.28801299326073365, "l": 0.36830090325058806, "d": 0.34368610348867834}, "ll": {"w": 0.27454141020828204, "l": 0.37493994234524447, "d": 0.35051864744647343}, "ld": {"w": 0.32349651695052184, "l": 0.3385551393016609, "d": 0.3379483437478173}, "d": {"w": 0.3336034526395685, "l": 0.3374040988675573, "d": 0.3289924484928742}, "dw": {"w": 0.3764779264923802, "l": 0.3259660893223071, "d": 0.29755598418531265}, "dl": {"w": 0.3091884929571426, "l": 0.30352087177442777, "d": 0.3872906352684296}, "dd": {"w": 0.3152633898039582, "l": 0.3423580440431077, "d": 0.3423785661529342}}