{"w": {"w": 0.325321156253324, "l": 0.39146742850246996, "d": 0.28321141524420607}, "ww": {"w": 0.32915933229102673, "l": 0.36386626471523725, "d": 0.30697440299373613}, "wl": {"w": 0.2969254140603362, "l": 0.3888966060649962, "d": 0.3141779798746675}, "wd": {"w": 0.3071686947453826, "l": 0.29922266188746616, "d": 0.3936086433671513}, "l": {"w": 0.2141740571679087, "l": 0.40150452164076017, "d": 0.3843214211913312}, "lw": {"w": 0.2721910597776388, "l": 0.37648536776726776, "d": 0.3513235724550934}, "ll": {"w": 0.28064233043513287, "l": 0.3832719410640277, "d": 0.33608572850083945}, "ld": {"w": 0.3306853284383112, "l": 0.34607858684169784, "d": 0.323236084719991}, "d": {"w": 0.35689263036466634, "l": 0.31422543679977416, "d": 0.32888193283555955}, "dw": {"w": 0.365137838949152, "l": 0.332184196904789, "d": 0.302677964146059}, "dl": {"w": 0.293837126133968, "l": 0.31026578003608163, "d": 0.3958970938299503}, "dd": {"w": 0.32226924291071274, "l": 0.32774377835517676, "d": 0.3499869787341105}}